{
  "project_info": {
    "project_number": "779994575135",
    "firebase_url": "https://signin-163b6.firebaseio.com",
    "project_id": "signin-163b6",
    "storage_bucket": "signin-163b6.appspot.com"
  },
  "client": [
    {
      "client_info": {
        "mobilesdk_app_id": "1:779994575135:android:a7820c516dbf5cf469402a",
        "android_client_info": {
          "package_name": "com.example.googlesign"
        }
      },
      "oauth_client": [
        {
          "client_id": "779994575135-pv9k8hilrke1mfnib3j1vudqtv9ho0tq.apps.googleusercontent.com",
          "client_type": 1,
          "android_info": {
            "package_name": "com.example.googlesign",
            "certificate_hash": "2bab1fe370d33d6894ca12a100da4e0724918fa1"
          }
        },
        {
          "client_id": "779994575135-51je9oi2u18p5i7aiihg6j9k8d26qfl7.apps.googleusercontent.com",
          "client_type": 3
        }
      ],
      "api_key": [
        {
          "current_key": "AIzaSyDxi3xBIiOULEXzpoHRwXLW2Bo3zvwb0Ws"
        }
      ],
      "services": {
        "appinvite_service": {
          "other_platform_oauth_client": [
            {
              "client_id": "779994575135-51je9oi2u18p5i7aiihg6j9k8d26qfl7.apps.googleusercontent.com",
              "client_type": 3
            }
          ]
        }
      }
    }
  ],
  "configuration_version": "1"
}